[{"userName":"admin","password":"admin","email":0,"gender":"Male","isLoggedIn":false,"user_agent":""},{"userName":"mohammad","password":"1","email":0,"gender":"Male","isLoggedIn":false,"user_agent":""},{"userName":"ahmad","password":"ewr2r23SD","email":"ahmad@protonmail.com","gender":"male","isLoggedIn":false,"user_agent":""},{"userName":"reza","password":"FSDAF/|A_#@@ssa","email":"reza@protonmail.com","gender":"male","isLoggedIn":false,"user_agent":""},{"userName":"ghambar","password":"we[|ASDFAD)932","email":"ghambar@protonmail.com","gender":"male","isLoggedIn":false,"user_agent":""},{"userName":"gholmorad","password":"ewwer32","email":"gholmorad@protonmail.com","gender":"male","isLoggedIn":false,"user_agent":""},{"userName":"mammadsafar","password":"1234","email":"waecdsz","gender":"Male","isLoggedIn":true,"user_agent":"Mozilla/5.0 (Windows NT 10.0; Win64; x64) AppleWebKit/537.36 (KHTML, like Gecko) Chrome/88.0.4324.182 Safari/537.36"},{"userName":"mammadsafarzc","password":"1234","email":"zx","gender":"Male","isLoggedIn":false,"user_agent":""},{"userName":"mammadsvdzsafar","password":"1234","email":"xc","gender":"Male","isLoggedIn":false,"user_agent":""},{"userName":"ali","password":"1234","email":"ali@gmail.com","gender":"Male","isLoggedIn":false,"user_agent":""}]